"24,D. Blind"
"19,R. Kishna","20,M. Depay","22,L. Ebecilio"
"18,D. Sinkgraven","19,D. Anderson"
"17,J. Riedewald","17,R. Živković"
"16,B. Ould-Chikh","16,J. Bakela"
"17,K. Abel","17,K. Diks","17,P. Postma","17,R. Bazoer"
"17,S. Owobowale","18,C. Leemans","18,D. Luckassen"
"18,K. Tete","19,A. El Ghazi"
"18,I. Kallon","18,J. Houwen"
"18,P. van Amersfoort","18,R. Antwi","18,R. Baas","18,T. Ebuehi","18,V. Deen"
"19,A. Hagenauw","19,A. Muzaqi","19,B. Kuipers","19,C. de Reuver"
"19,J. Hendrix","19,K. Rekik","19,N. Aké"
"19,D. Bakker","19,E. Pisas","19,J. Hardeveld"
"19,J. Lumu","19,J. Voest","19,J. de Wijs","19,J. van Overeem","19,K. Gorré"
"19,M. Koch","19,M. Minnaard","19,M. de Fockert","19,M. van der Want"
"19,P. Huser","19,R. Dekker","19,R. Karsdorp"
"20,A. Maher","20,H. Hateboer"
"19,R. Vloet","19,S. Klaiber","19,T. Haye"
"19,R. Kist","19,R. Lopes Cabral","19,R. Lucas"
"19,R. van der Meer","19,S. Derkx"
"19,S. Walsh","19,S. de Wit","19,S. van Beek"
"19,T. Vilhena","19,W. Dammers","19,W. Huizing","19,W. Marinus","20,A. Achahbar"
"20,D. Blij","20,F. Sporkslede"
"20,A. Noppert","20,B. Saban","20,B. de Jong","20,C. Gortemaker"
"20,E. Brito","20,E. Manu"
"20,G. Korte","20,G. van Velzen"
"20,J. Locadia","20,K. Ebecilio"
"20,J. Boëtius","20,J. Brenet"
"20,J. Vet","20,J. Willems","20,J. van Aken"
"20,L. Slagveer","20,L. Woudenberg","20,M. Branderhorst","20,M. Chacón"
"21,D. Klaassen","21,J. Streutker","21,M. van Ginkel","22,D. Pröpper"
"20,M. van der Hart","20,R. Janzen","20,T. Kongolo","20,Y. Ayoub"
"20,M. Diemers","20,M. Hamdaoui","20,M. Heerkes","20,M. Mahi","20,M. de Vlugt"
"20,N. de Bondt","20,P. Leeuwenburgh"
"20,R. Klaasen","20,S. Pereira","20,S. Warmolts"
"20,T. Ondaan","20,W. Hoedt","20,W. Troost-Ekong"
"21,A. Schalk","21,C. David"
"21,G. Wijnaldum","21,H. Ziyech","21,J. Drost"
"21,D. Rienstra","21,F. Lewis","21,G. Bosz"
"21,G. van Kessel","21,H. Bos"
"21,I. Bel Hassani","21,J. Balk","21,J. Botaka"
"21,J. Lukoki","21,J. Mattheij","21,J. Pelupessy"
"21,L. de Sa","21,M. Saymak"
"21,J. van Deelen","21,L. Castaignos"
"21,M. Brouwer","21,M. Dijks","21,M. Engberink","21,M. Flekken"
"21,M. Steenvoorden","21,M. van Buren"
"21,N. Bertrams","21,S. Denswil","21,W. Weghorst","22,B. Martins Indi"
"21,M. van der Hoorn","21,N. Bakker"
"21,O. Bouy","21,R. Fij","21,R. Haps","21,R. Hemmink"
"21,S. Moro","21,S. Nieuwpoort","21,T. Letschert","21,T. ten Den"
"21,X. Schenk","21,Y. Cortie","21,Y. van Nieff"
"22,B. Schenkeveld","22,D. Koppers"
"22,G. Hupperts","22,J. Veltman"
"22,D. Schmidt","22,D. Smith","22,F. Görgülü"
"22,J. Bruma","22,J. Gouweleeuw"
"22,J. de Kamps","22,K. Jansen","22,K. Roos","22,L. Bacuna"
"22,S. de Vrij","23,L. de Jong"
"22,M. te Wierik","22,Q. Promes"
"22,L. Veldwijk","22,M. Amevor","22,M. Seuntjens","22,M. te Vrede"
"22,M. van Duinen","22,N. Wormgoor","22,O. John","22,P. van Ooijen"
"22,R. Ligeon","22,S. Berghuis","22,S. Stevens"
"23,B. Linssen","23,F. Jozefzoon","23,J. Cabral","23,J. Zoet","23,L. Burnet"
"22,T. Bruns","22,V. van Dijk","22,W. Hahn","22,Y. Wildschut","23,A. Tamata"
"23,B. Vriends","23,C. Vicento","23,D. Hoesen","23,D. Verbeek","23,E. Gyasi"
"23,G. Castillion","23,G. Markiet","23,G. Wijnaldum","23,J. Antonia"
"23,J. Clasie","23,J. Kappelhof"
"23,J. van der Linden","23,K. Vermeulen","23,K. van der Weg"
"23,L. Duarte","23,L. Narsingh"
"23,M. Rosheuvel","23,P. van Aanholt","23,R. ten Voorde","23,R. van Rhijn","24,B. Nuytinck"
"23,M. Bizot","23,M. Nelom"
"23,M. Zeegelaar","23,M. de Roon","23,N. Gouriye","23,N. Marsman"
"23,P. van Anholt","23,R. Alberg","23,R. Ippel"
"23,R. van Haaren","23,R. van La Parra"
"23,T. Beugelsdijk","23,T. Coremans","24,A. Damen"
"24,B. Rienstra","24,C. Benschop"
"25,J. Toornstra","26,T. Krul"
"24,K. Leerdam","25,B. Dost"
"24,D. Lachman","24,J. Reimerink"
"24,D. Bulthuis","24,D. Janmaat"
"24,D. Maatsen","24,D. van Mieghem","24,F. Heerkens","24,G. Godeken","24,G. Zeefuik"
"24,J. Stans","24,J. Suk","24,K. Heerings"
"24,L. Fer","24,N. Viergever"
"24,K. Ramsteijn","24,K. Strootman","24,K. van Diermen"
"24,M. Kieftenbeld","24,M. Lieder","24,M. Vejinović","24,M. van der Maarel","24,N. Barazite"
"24,R. Kortzorg","24,R. Stolte","24,S. Padt","24,T. van Weert","25,A. Büttner"
"25,E. Pieters","25,J. Cillessen"
"25,D. Bovenberg","25,E. Cummins","25,E. Mulder"
"25,E. Room","25,I. Haddad","25,J. Buijs"
"25,J. Deckers","25,J. Godée","25,J. John","25,J. Sarpong","25,J. Tesselaar"
"25,S. de Jong","26,G. van der Wiel"
"25,M. El Kabir","25,R. Mühren"
"25,J. Veldmate","25,J. Verhoek","25,M. Donald"
"25,M. Kramer","25,M. van der Laan","25,M. van der Werff","25,R. Boymans"
"25,R. te Loeke","25,R. van Wolfswinkel","25,S. Fischer","25,S. Nijland"
"25,X. Houtkoop","26,Douglas"
"25,T. Hiariej","25,V. Anita","25,V. Wormgoor"
"26,A. Meijers","26,D. Gorter","26,D. Holla"
"26,E. Falkenburg","26,G. Plet"
"26,J. van der Heijden","26,M. Schet","26,R. Beerens"
"26,J. De Guzmán","26,J. Lens","26,J. Rijsdijk"
"26,L. Lambooij","26,M. Emnes"
"26,M. Siers","26,M. de Leeuw","26,R. Achenteh"
"26,R. Leeuwin","26,R. Poepon","26,R. Vormer","26,T. Breukers","26,T. Chery"
"27,R. Ruiter","29,N. de Jong","30,W. Sneijder","32,R. Brouwers"
"27,G. Zuiverloon","27,P. Velthuizen"
"27,A. Auassar","27,B. van Hintum","27,D. Boerrigter","27,D. Telgenkamp","27,E. Elia"
"27,H. Drost","27,J. Peters","27,K. Agustien","27,M. Koenders","27,M. de Leeuw"
"27,R. Babel","27,R. Drenthe"
"28,I. Afellay","28,R. Donk","28,U. Emanuelson"
"27,S. Overgoor","27,W. Janssen","27,W. Verhoek","28,B. van Polen","28,D. Tiendalli"
"28,J. van den Berg","28,K. Vermeer","28,K. van der Biezen","28,L. Immers","28,O. Türk"
"28,R. Kruys","28,R. Schilder","28,T. Janssen"
"29,A. Kruiswijk","29,A. Swinkels","29,F. van der Struijk","29,H. Maduro"
"30,B. Waterman","30,K. Huntelaar","30,R. Stam"
"29,R. Vlaar","30,A. Alisic","30,A. Robben"
"30,G. Loovens","30,J. Heitinga"
"30,M. Vorm","30,P. Verhaegh","30,R. Pasveer"
"30,R. van Persie","30,S. Duits","30,S. Schaars"
"31,J. Hooiveld","31,M. Stekelenburg","31,Y. Hersi"
"31,B. Sibum","31,D. Mendes da Silva","31,E. Braafheid","31,G. Coutinho"
"31,M. Dingsdag","31,M. Fledderus"
"31,R. Braber","31,R. Zomer","31,R. Zwinkels","31,R. van der Vaart"
"32,K. Boulahrouz","32,N. van der Velden"
"33,D. Kuyt","34,J. Mathijsen","35,K. Jaliens"
"32,R. Schaken","33,D. Boer"
"33,D. de Vries","33,J. ten Rouwelaar","33,M. Kolder"
"34,J. Verhoeven","35,J. Broerse"
"35,R. Graafland","35,R. Wielaert","36,P. van der Vlag","36,T. Cornelisse"
